use products;
create table product (id varchar(255) not null, model_number varchar(255), name varchar(255), product_type varchar(255), primary key (id)) engine=InnoDB;
create table product_description (product_id varchar(255) not null, subtitle varchar(255), text text, title varchar(255), primary key (product_id)) engine=InnoDB;
create table product_meta_data (product_id varchar(255) not null, canonical varchar(255), description varchar(255), page_title varchar(255), site_name varchar(255), primary key (product_id)) engine=InnoDB;
create table product_meta_data_keywords (metadata_product_id varchar(255) not null, keywords varchar(255)) engine=InnoDB;
create table product_pricing (product_id varchar(255) not null, current_price float not null, standard_price float not null, standard_price_no_vat float not null, primary key (product_id)) engine=InnoDB;
alter table product_description add constraint FK9iiotbwtk1n1b6dgga729sg9q foreign key (product_id) references product (id);
alter table product_meta_data add constraint FKicj3wymsllyyrftpvs3v03xdx foreign key (product_id) references product (id);
alter table product_meta_data_keywords add constraint FKk9a3gbkfs0mgo5vnu8ytanq31 foreign key (metadata_product_id) references product_meta_data (product_id);
alter table product_pricing add constraint FK5j25ye9xranqe8ycy19cwm82m foreign key (product_id) references product (id);
INSERT INTO products.product (id, model_number, name, product_type) VALUES ('BD7676', 'BTO93', 'Nite Jogger Shoes', 'inline');
INSERT INTO products.product (id, model_number, name, product_type) VALUES ('BD7933', 'BTO93', 'Nite Jogger Shoes', 'inline');
INSERT INTO products.product (id, model_number, name, product_type) VALUES ('F33837', 'BTT86', 'Nite Jogger Shoes', 'inline');
INSERT INTO products.product_description (product_id, subtitle, text, title) VALUES ('BD7676', 'Modern cushioning updates this flashy ''80s standout.', 'Inspired by the 1980 Nite Jogger, these shoes shine bright with retro style and reflective details. The mesh and nylon ripstop upper is detailed with suede overlays. An updated Boost midsole adds responsive cushioning for all-day comfort.', 'Nite Jogger Shoes');
INSERT INTO products.product_description (product_id, subtitle, text, title) VALUES ('BD7933', 'Modern cushioning updates this flashy ''80s standout.', 'Inspired by the 1980 Nite Jogger, these shoes shine bright with retro style and reflective details. The mesh and nylon ripstop upper is detailed with suede overlays. An updated Boost midsole adds responsive cushioning for all-day comfort.', 'Nite Jogger Shoes');
INSERT INTO products.product_description (product_id, subtitle, text, title) VALUES ('F33837', 'Modern cushioning updates this flashy ''80s standout.', 'Inspired by the 1980 Nite Jogger, these shoes shine bright with retro style and reflective details. The mesh and ripstop nylon upper is detailed with suede overlays. An updated Boost midsole adds responsive cushioning for all-day comfort.', 'Nite Jogger Shoes');
INSERT INTO products.product_meta_data (product_id, canonical, description, page_title, site_name) VALUES ('BD7676', '//www.adidas.co.uk/nite-jogger-shoes/BD7676.html', 'Shop for Nite Jogger Shoes - White at adidas.co.uk! See all the styles and colours of Nite Jogger Shoes - White at the official adidas UK online store.', 'adidas Nite Jogger Shoes - White | adidas UK', 'adidas United Kingdom');
INSERT INTO products.product_meta_data (product_id, canonical, description, page_title, site_name) VALUES ('BD7933', '//www.adidas.co.uk/nite-jogger-shoes/BD7933.html', 'Shop for Nite Jogger Shoes - Black at adidas.co.uk! See all the styles and colours of Nite Jogger Shoes - Black at the official adidas UK online store.', 'adidas Nite Jogger Shoes - Black | adidas UK', 'adidas United Kingdom');
INSERT INTO products.product_meta_data (product_id, canonical, description, page_title, site_name) VALUES ('F33837', '//www.adidas.co.uk/nite-jogger-shoes/F33837.html', 'Shop for Nite Jogger Shoes - Green at adidas.co.uk! See all the styles and colours of Nite Jogger Shoes - Green at the official adidas UK online store.', 'adidas Nite Jogger Shoes - Green | adidas UK', 'adidas United Kingdom');
INSERT INTO products.product_meta_data_keywords (metadata_product_id, keywords) VALUES ('BD7933', 'Nite');
INSERT INTO products.product_meta_data_keywords (metadata_product_id, keywords) VALUES ('BD7933', 'Jogger');
INSERT INTO products.product_meta_data_keywords (metadata_product_id, keywords) VALUES ('BD7933', 'Shoes');
INSERT INTO products.product_meta_data_keywords (metadata_product_id, keywords) VALUES ('BD7676', 'Nite');
INSERT INTO products.product_meta_data_keywords (metadata_product_id, keywords) VALUES ('BD7676', 'Jogger');
INSERT INTO products.product_meta_data_keywords (metadata_product_id, keywords) VALUES ('BD7676', 'Shoes');
INSERT INTO products.product_meta_data_keywords (metadata_product_id, keywords) VALUES ('F33837', 'Nite');
INSERT INTO products.product_meta_data_keywords (metadata_product_id, keywords) VALUES ('F33837', 'Jogger');
INSERT INTO products.product_meta_data_keywords (metadata_product_id, keywords) VALUES ('F33837', 'Shoes');
INSERT INTO products.product_pricing (product_id, current_price, standard_price, standard_price_no_vat) VALUES ('BD7676', 99.95, 99.95, 83.29);
INSERT INTO products.product_pricing (product_id, current_price, standard_price, standard_price_no_vat) VALUES ('BD7933', 109.95, 109.95, 91.62);
INSERT INTO products.product_pricing (product_id, current_price, standard_price, standard_price_no_vat) VALUES ('F33837', 99.95, 99.95, 83.29);